scenario,method,num_gpus,seed,avg_jct,p95_jct,slowdown_mean,slowdown_p95,sla,gpu_utilization,energy_kwh,queue_len_mean,jct_cv,fairness_jain,scheduler_overhead_ms,action_entropy,transition_recovery_time
drift_base_bursty_diurnal,DynamicHeuristic,4,1750318222,444.25925925925924,844.7499999999999,1.012550577104452,1.050778774730986,0.14814814814814814,0.9838241393612609,3.629305555555358,31.871422646204895,0.5680507834781606,0.7560397982212355,0.010112842720381264,1.6094379124340998,2630.0
drift_base_bursty_diurnal,StaticEqual,4,1754957471,473.3333333333333,877.7499999999999,1.0104430800605493,1.0407252704537904,0.05333333333333334,0.9610123119015048,5.386111111110708,57.87715458276334,0.5519096349839885,0.7665159788359235,0.00936159515777595,1.6094379124341,4167.5
drift_base_bursty_diurnal,StaticEqual,4,902900506,477.0220588235294,867.5,1.0105887170851329,1.0354547442764628,0.04411764705882353,0.9647580402765255,4.920069444444102,53.4204989480012,0.5457463716509591,0.7705115359224564,0.009583378295202245,1.6094379124341,3660.0
drift_base_bursty_diurnal,StaticEqual,4,3729265433,431.88,795.9999999999999,1.01098296970748,1.0439866854660909,0.048,0.9663165519739225,4.089027777777533,45.58565737051793,0.5411035879671076,0.773518984187287,0.010155315238716637,1.6094379124340996,3075.0
drift_base_bursty_diurnal,StaticPriority,4,3837103583,469.3893129770992,852.5,1.0088891580548993,1.0306814384023435,0.07633587786259542,0.9628838239949351,4.663402777777474,49.11965811965812,0.522776448106642,0.7853638248633716,0.009937773729853177,1.6094379124340996,3272.5
drift_base_bursty_diurnal,StaticPriority,4,3679700342,475.5508474576271,860.0,1.0092913999230164,1.0345105049913426,0.11864406779661017,0.9686845778087927,4.253958333333073,42.55443126308444,0.5604015305222236,0.761006122145308,0.009932593648724546,1.6094379124341003,3250.0
drift_base_bursty_diurnal,EDF,4,1295526431,500.3731343283582,868.5,1.009636243258081,1.0356969879320168,0.029850746268656716,0.9701841566793336,5.084861111110784,42.502484653610054,0.5143782555428349,0.7907732640183854,0.009541331662402239,1.6094379124341,3560.0
drift_base_bursty_diurnal,SRPT,4,1630330277,494.4954128440367,875.0,1.0082226288704166,1.0230350451530297,0.25688073394495414,0.9589324227174695,4.09159722222199,26.450754852624012,0.5011887418204278,0.79923902538201,0.009971245468885717,1.6094379124341,2437.5
drift_base_bursty_diurnal,StaticEqual,4,1835700179,486.2977099236641,890.0,1.0092460680430961,1.0376214966131245,0.03816793893129771,0.9564623786407767,4.836249999999664,50.60254854368932,0.5366985932336749,0.7763701617480692,0.009553351543942077,1.6094379124341,3867.5
drift_diurnal_shifted_bursty,StaticPriority,4,1135266173,466.271186440678,850.0,1.009323023441835,1.0331051029773723,0.1016949152542373,0.9633628318584071,4.172222222221955,41.073274336283184,0.5274669866538739,0.7823370683462337,0.009829915928102173,1.6094379124341,0.0
drift_diurnal_shifted_bursty,StaticEqual,4,2438481737,429.0287769784173,871.0,1.009004256634673,1.0276128412491636,0.02877697841726619,0.9577510562235944,4.520416666666386,48.98082547936301,0.5581209941165473,0.7624862591491567,0.010064730942742654,1.6094379124341003,3412.5
drift_diurnal_shifted_bursty,StaticPriority,4,2530334049,446.10687022900765,850.0,1.0100146487026378,1.034309482608054,0.1450381679389313,0.9579741379310345,4.431736111110838,46.07990716180371,0.5474290089071159,0.769421041252834,0.009866540702311532,1.6094379124340996,3067.5
drift_base_bursty_diurnal,EDF,4,4172258467,489.88188976377955,881.9999999999999,1.0097323170084866,1.0310853175089019,0.047244094488188976,0.9571028908921355,4.723194444444133,38.35529996891514,0.5438200941320761,0.7717595910385529,0.009574241097415788,1.6094379124340998,3132.5
drift_base_bursty_diurnal,EDF,4,208357581,482.3863636363636,856.7499999999998,1.0087770145779533,1.0265023327616714,0.030303030303030304,0.9661913523459061,4.828958333333004,42.18399264029439,0.4833210635411212,0.8106360308002278,0.009691049673984941,1.6094379124341,3255.0
drift_diurnal_shifted_bursty,EDF,4,237907514,451.67785234899327,865.0,1.0103275604591067,1.040825958891733,0.06040268456375839,0.9721735319894829,5.097291666666348,44.875255623721884,0.5646681581484181,0.7582362681978574,0.009633903589765964,1.6094379124340998,0.0
drift_diurnal_shifted_bursty,EDF,4,1668182515,480.03521126760563,860.0,1.0100567856028297,1.028014252219844,0.04225352112676056,0.9538320135746606,5.175486111110723,41.49038461538461,0.5443306576559342,0.771428828169887,0.009570791518022792,1.6094379124340998,0.0
drift_base_bursty_diurnal,StaticPriority,4,2459566683,443.18791946308727,855.0,1.0103609756452672,1.043705450799953,0.06040268456375839,0.9578931924882629,5.007361111110769,54.850645539906104,0.5768975171812222,0.7502940710058178,0.009749015478459362,1.6094379124340998,3930.0
drift_diurnal_shifted_bursty,EDF,4,3475506130,439.6258503401361,848.5,1.0107792570341971,1.0376168837943776,0.04081632653061224,0.9642318140658014,4.896944444444098,48.53516450347117,0.5555850989533531,0.7641317753873459,0.009742122135741297,1.6094379124341,3490.0
drift_diurnal_shifted_bursty,EDF,4,1045891795,499.5424836601307,820.0,1.006965664186259,1.023037014006263,0.026143790849673203,0.9740602471678682,5.793958333332887,53.826725025746654,0.4437244055037916,0.8354977263656493,0.009650386147466982,1.6094379124340998,0.0
drift_base_bursty_diurnal,StaticPriority,4,2244841604,437.5,842.7499999999999,1.0126147688529432,1.0566467083119582,0.08,0.9711826347305389,4.969097222221888,60.888323353293416,0.5769466899044275,0.7502621323984259,0.009966464632178216,1.6094379124340998,4072.5
drift_diurnal_shifted_bursty,SRPT,4,2654205825,492.55555555555554,871.5,1.0087494733760782,1.0268077227347923,0.17037037037037037,0.9673721340388007,5.043333333332984,33.22957084068195,0.5086849135404695,0.7944324008407958,0.009337626330881352,1.6094379124341,0.0
drift_diurnal_shifted_bursty,EDF,4,3683588810,493.52517985611513,870.5,1.0086806132944992,1.0290296521498972,0.06474820143884892,0.9566779374471682,5.208541666666291,42.42406311637081,0.5316920759539345,0.7796076689584095,0.009494292730267143,1.6094379124340998,0.0
drift_diurnal_shifted_bursty,StaticPriority,4,1185893715,448.92857142857144,840.0,1.010423361902996,1.0368714323693453,0.14285714285714285,0.9632672039677619,4.764027777777491,45.77340359578425,0.5632299796850284,0.7591700088288891,0.009853411771356194,1.6094379124340998,0.0
drift_base_bursty_diurnal,BanditEpsGreedy,4,1441355256,487.67175572519085,835.0,1.0084218186478497,1.026773168003007,0.04580152671755725,0.9703806015960712,4.843472222221881,44.93370165745856,0.49697163741217715,0.8019369610687658,0.018055780319689373,0.7384306851982313,3252.5
drift_base_bursty_diurnal,EDF,4,1309299335,423.82978723404256,830.0,1.0095852793422257,1.0356927072812359,0.028368794326241134,0.9649509803921569,4.526041666666367,43.56437908496732,0.5657273047209437,0.7575485642707791,0.009727421755182673,1.6094379124340998,2932.5
drift_base_bursty_diurnal,BanditEpsGreedy,4,1518066888,458.28,869.0,1.012679319905756,1.0451930319756195,0.048,0.9580656070341562,4.345416666666407,34.87656408522151,0.5676057408134946,0.7563288022823381,0.018417981743904212,0.7502211192391703,2372.5
drift_diurnal_shifted_bursty,SRPT,4,3290595616,495.22727272727275,850.2499999999999,1.0080968492103757,1.0293126220154003,0.2012987012987013,0.9668929303278688,5.784930555555113,40.05122950819672,0.4982916941418381,0.801092939134554,0.009633229641711623,1.6094379124340998,0.0
drift_diurnal_shifted_bursty,SRPT,4,655775155,453.8125,860.0,1.0102621336257172,1.0346921218071818,0.1875,0.9693574514038877,5.501249999999589,38.34179265658747,0.5620403871477612,0.7599422887951303,0.009520577149139817,1.6094379124340998,3212.5
drift_base_bursty_diurnal,SRPT,4,1910341040,460.48148148148147,848.0,1.0085232462004767,1.0279498807792264,0.2074074074074074,0.9650031387319523,4.712638888888599,34.997489014438166,0.5130072286352161,0.7916550584909887,0.009686384166888155,1.6094379124340996,2937.5
drift_diurnal_shifted_bursty,SRPT,4,1942269272,495.28776978417267,860.0,1.0081164382921293,1.0308798776143853,0.2158273381294964,0.965844671201814,5.222638888888515,33.665249433106574,0.5021222097425079,0.7986412151409665,0.009581400558329768,1.6094379124340996,0.0
drift_diurnal_shifted_bursty,DynamicHeuristic,4,2142669149,473.89344262295083,855.0,1.008620181395023,1.0305023963243027,0.05737704918032787,0.9745315161839864,4.380208333333071,42.486882453151615,0.5160744052519008,0.7896818328504916,0.009869659332212639,1.6094379124340998,3310.0
drift_diurnal_shifted_bursty,SRPT,4,3714419338,470.625,870.0,1.0106979344803655,1.0399103948733823,0.25,0.968568369531967,4.851597222221903,31.021413276231264,0.5698243542353646,0.7548880161449414,0.009622580807722431,1.6094379124341,2862.5
drift_base_bursty_diurnal,BanditEpsGreedy,4,346334163,463.1297709923664,875.0,1.0111799169314082,1.051420166740272,0.06870229007633588,0.967983870967742,4.598263888888591,41.831935483870964,0.5749795134421294,0.7515398445181503,0.018113313290673578,0.7445802183721357,3132.5
drift_diurnal_shifted_bursty,StaticEqual,4,2945774305,475.63380281690144,855.0,1.010341209393432,1.0356258146669548,0.04225352112676056,0.9643578643578643,5.122222222221873,50.672150072150075,0.4934169487405277,0.8042074297119207,0.00987062477227838,1.6094379124341,0.0
drift_base_bursty_diurnal,DynamicHeuristic,4,1287826355,504.26724137931035,870.0,1.0083197658467042,1.0207523277066328,0.07758620689655173,0.9681544633901705,4.437291666666429,39.358408559010364,0.4765863293627313,0.814906577955877,0.009932310595381065,1.6094379124340998,3315.0
drift_diurnal_shifted_bursty,DynamicHeuristic,4,2413626728,462.9220779220779,855.0,1.0097013921699811,1.0340713406950712,0.032467532467532464,0.9673525377229081,5.403472222221819,54.523731138545955,0.540009398695447,0.7742274241712743,0.009938005096245869,1.6094379124341,0.0
drift_diurnal_shifted_bursty,DynamicHeuristic,4,2669561133,471.57142857142856,865.0,1.009045376058863,1.0350548111690685,0.05,0.9659863945578231,5.005694444444105,45.75539781129843,0.5459872170449878,0.7703554638025039,0.010254248977809289,1.6094379124341,0.0
drift_diurnal_shifted_bursty,DynamicHeuristic,4,1861606530,478.7596899224806,871.0,1.0098370568627304,1.0369664735219377,0.046511627906976744,0.9750319081046586,4.679374999999678,43.91799617102744,0.5421943154471036,0.7728126514142595,0.010048184707030077,1.6094379124340998,0.0
drift_diurnal_shifted_bursty,DynamicHeuristic,4,303575866,451.09022556390977,812.0,1.0103902065137673,1.036100749024805,0.05263157894736842,0.9666014988595634,4.546388888888597,44.39719778429456,0.49666061150869406,0.8021357583068062,0.010460437818171815,1.6094379124341,0.0
drift_base_bursty_diurnal,SRPT,4,1297857706,535.7037037037037,881.5,1.0101563230127533,1.0393187467958884,0.1925925925925926,0.9700108313024641,5.48826388888849,37.08637963715137,0.47533743423702624,0.8156968283785215,0.009710107183502773,1.6094379124340996,3482.5
drift_diurnal_shifted_bursty,StaticEqual,4,3245997488,517.189349112426,865.0,1.0084020821422628,1.0328538906920905,0.03550295857988166,0.968016103779915,6.632083333332795,69.24334600760456,0.48050030461548804,0.8124265233505216,0.009871551055142256,1.6094379124341,5167.5
drift_diurnal_shifted_bursty,BanditEpsGreedy,4,43675928,459.2307692307692,870.0,1.0095993612346874,1.0370630397233316,0.04895104895104895,0.9586038961038961,4.981319444444082,42.41204250295159,0.5398613451782552,0.774323271798355,0.017988907844416462,0.7334357685516179,0.0
drift_diurnal_shifted_bursty,BanditEpsGreedy,4,2244470384,444.13793103448273,845.0,1.0099254515712495,1.0303982079125151,0.08275862068965517,0.9709515096065874,4.877291666666345,51.425129612686796,0.5696140788073907,0.7550245759881256,0.01861297077822126,0.7376198654077676,0.0
drift_diurnal_shifted_bursty,BanditEpsGreedy,4,2370645502,457.51908396946567,842.5,1.0104667365744011,1.0382004377061633,0.05343511450381679,0.9595338297183554,4.545694444444171,41.88766591129816,0.5369842170484946,0.7761853605856319,0.01826454402268953,0.7450115889866303,0.0
abrupt_spike_base_burst_diurnal,StaticEqual,4,3793666849,424.5364238410596,855.0,1.0105153124935835,1.0337108323988058,0.033112582781456956,0.9704350490196079,4.852638888888555,56.43841911764706,0.5798565733936459,0.7483721153153163,0.01016206757484207,1.6094379124340998,3902.5
abrupt_spike_base_burst_diurnal,StaticEqual,4,1725437227,442.0143884892086,861.0,1.0110114132563235,1.0394458472460486,0.050359712230215826,0.9611550632911392,4.657291666666363,53.925316455696205,0.5697482727734813,0.754937426087051,0.010004377820016227,1.6094379124341,3822.5
drift_diurnal_shifted_bursty,BanditEpsGreedy,4,3368605745,445.6711409395973,838.0,1.0103621199089456,1.0424659267563876,0.04697986577181208,0.9630390143737166,5.033194444444097,45.90847755940158,0.5570857788816107,0.7631580476462649,0.01832071239391386,0.7326343526285817,0.0
drift_diurnal_shifted_bursty,StaticEqual,4,2258906302,456.55629139072846,850.0,1.0093404133985513,1.0265147388604228,0.046357615894039736,0.9751859267734554,5.2206249999996475,54.31350114416476,0.5351597247131459,0.7773656429801155,0.010194744661460243,1.6094379124340998,0.0
abrupt_spike_base_burst_diurnal,StaticEqual,4,3172144885,429.5769230769231,860.5,1.0118094213770068,1.053174509702192,0.06923076923076923,0.978287841191067,4.224791666666405,51.474654377880185,0.6007741848118413,0.7347918543782929,0.010688765991427327,1.6094379124340998,3640.0
drift_base_bursty_diurnal,EDF,4,564310106,480.9375,863.25,1.0102063453284462,1.0410181856352752,0.0625,0.9560577526679221,4.67305555555526,40.5021971123666,0.5449384282632341,0.7710350561435283,0.01025456123055343,1.6094379124340996,3220.0
abrupt_spike_base_burst_diurnal,StaticEqual,4,768566022,478.258064516129,855.0,1.0094715562155607,1.0356917272181183,0.03225806451612903,0.9827840300107181,5.612430555555131,60.539121114683816,0.5289253752804027,0.7813952585563027,0.010664776278881053,1.6094379124340996,4635.0
abrupt_spike_base_burst_diurnal,StaticPriority,4,601291298,466.08527131782944,848.0,1.0100568694958172,1.0386997364739605,0.12403100775193798,0.9703099510603589,4.556249999999721,46.90766721044046,0.5293863252418263,0.7810975142884964,0.010617226971842069,1.6094379124340998,3642.5
abrupt_spike_base_burst_diurnal,StaticEqual,4,3542897661,451.5986394557823,840.0,1.0111335808028201,1.0361284788574519,0.034013605442176874,0.9685748008262024,5.0297222222218565,56.43995278843317,0.5659020574214539,0.7574350935000242,0.010225863940718396,1.6094379124340998,3970.0
drift_diurnal_shifted_bursty,BanditEpsGreedy,4,3899196173,440.90909090909093,856.75,1.0133472186769745,1.056684847743176,0.05194805194805195,0.9609218436873748,5.146944444444073,53.38677354709419,0.6184197197354027,0.7233571556564986,0.01940421093835325,0.7294437869846867,0.0
abrupt_spike_base_burst_diurnal,StaticPriority,4,2110610112,459.1496598639456,841.9999999999999,1.0103797092693947,1.0325922800098584,0.047619047619047616,0.9774524158125915,5.110416666666317,60.16749633967789,0.5627994292172259,0.7594495281021584,0.01077337115853043,1.6094379124341,4485.0
drift_diurnal_shifted_bursty,StaticEqual,4,112661687,438.01526717557255,815.0,1.0101410814506422,1.0426492789668802,0.03816793893129771,0.9511234071093226,4.353402777777503,45.642857142857146,0.5720040030201482,0.7534724269490426,0.010974071713204737,1.6094379124341,0.0
drift_base_bursty_diurnal,DynamicHeuristic,4,2075955468,459.4186046511628,861.0,1.011264114201813,1.0375870971801608,0.046511627906976744,0.9654150197628458,4.492499999999704,45.78623188405797,0.5694160846547326,0.755153159037118,0.011357096958247766,1.6094379124340998,3605.0
abrupt_spike_base_burst_diurnal,StaticPriority,4,1064288586,463.3333333333333,857.7499999999999,1.009884324453207,1.0347032578007709,0.05333333333333334,0.9702229748800452,5.266388888888502,57.16906576347728,0.5430358604707688,0.7722675952544186,0.010920470752830862,1.6094379124340996,4170.0
drift_base_bursty_diurnal,SRPT,4,3777443072,481.06617647058823,860.0,1.0094132101138382,1.0377567031670298,0.18382352941176472,0.9614642114642115,4.9638194444440975,33.33145233145233,0.5283110503501137,0.7817920225594069,0.010575909489736166,1.6094379124340998,2942.5
drift_diurnal_shifted_bursty,StaticPriority,4,2380864392,447.45098039215685,836.0000000000001,1.009807277032221,1.0322567760972998,0.11764705882352941,0.9774039849841178,5.182013888888536,57.57551256136298,0.5452721535303315,0.7708188211808884,0.0110805386850108,1.6094379124341,3920.0
drift_base_bursty_diurnal,BanditEpsGreedy,4,867953547,465.3358208955224,856.75,1.009814308125235,1.031730849564584,0.05970149253731343,0.9551718798389595,4.732152777777439,41.64013626509755,0.5325659285198651,0.7790428327484995,0.0203508093629953,0.7395528983311712,3130.0
abrupt_spike_base_burst_diurnal,StaticPriority,4,1804126940,476.35714285714283,830.2499999999999,1.007918886109899,1.0299607089111997,0.10714285714285714,0.9664616285881664,5.05680555555518,55.104276508494436,0.47708222499119524,0.8145926456214337,0.011021665596636695,1.6094379124340998,4017.5
drift_base_bursty_diurnal,DynamicHeuristic,4,2231885609,473.5144927536232,870.75,1.0099125153403425,1.036033251623995,0.09420289855072464,0.9592729970326409,4.957986111110763,46.40415430267063,0.5407786872759762,0.773729357523561,0.01131352128302789,1.6094379124340996,3652.5
drift_base_bursty_diurnal,SRPT,4,3110181662,453.93700787401576,838.5,1.0111447546977903,1.0395251010254007,0.2125984251968504,0.965047393364929,4.3696527777775005,27.780636425186188,0.5885194983521821,0.7427460450533854,0.011438448658731962,1.6094379124341,2750.0
abrupt_spike_base_burst_diurnal,EDF,4,1629590656,481.2121212121212,882.25,1.0092680195909778,1.0279282863618882,0.06060606060606061,0.9647022713321056,4.817777777777446,39.34223449969306,0.5527904315485254,0.7659447125061004,0.011079439087176296,1.6094379124340998,3965.0
abrupt_spike_base_burst_diurnal,StaticPriority,4,1479367615,488.36538461538464,860.0,1.0099064961846445,1.037242946837993,0.057692307692307696,0.9757375776397516,5.773124999999572,65.68659420289855,0.5072693124182068,0.7953411110763156,0.011277063358516054,1.6094379124340998,4895.0
drift_diurnal_shifted_bursty,StaticPriority,4,1888301305,445.968992248062,873.0,1.0087276000497192,1.0281165500484266,0.13178294573643412,0.9697408796454142,4.357708333333059,46.44698261166042,0.5154475856160134,0.7900852433352383,0.011612919778302706,1.6094379124341,3237.5
abrupt_spike_base_burst_diurnal,EDF,4,503460469,511.25954198473283,872.5,1.0067061928535996,1.0197225772549898,0.030534351145038167,0.9690239625949737,5.080833333332958,45.05639976621858,0.486576122915993,0.8085667168860341,0.011116540538478308,1.6094379124341,3852.5
abrupt_spike_base_burst_diurnal,EDF,4,2624970020,486.41509433962267,835.5,1.0088065945846956,1.0346744841080053,0.050314465408805034,0.9630724710619024,5.867569444443982,56.10417715148465,0.4862110292411262,0.8087989791160903,0.011347214259455899,1.6094379124341,4785.0
abrupt_spike_base_burst_diurnal,SRPT,4,2928607878,452.7586206896552,855.0,1.0107015369286378,1.0459022484864524,0.19310344827586207,0.9632789317507419,4.97673611111077,36.01008902077152,0.5688847785407126,0.7554981997613556,0.011324893790456115,1.6094379124340996,3415.0
abrupt_spike_base_burst_diurnal,EDF,4,923501263,457.23214285714283,880.0,1.010666039607765,1.0376072340788423,0.03571428571428571,0.9636605783866058,5.823541666666224,53.836377473363775,0.5735220599829519,0.7524864673931612,0.010969168090013214,1.6094379124341,4502.5
abrupt_spike_base_burst_diurnal,SRPT,4,376395218,479.25,855.4999999999998,1.0109011162549573,1.038183872026908,0.22142857142857142,0.9661670547147846,5.087986111110764,36.70779976717113,0.5241210122982154,0.7844965682340762,0.010963516215227568,1.6094379124341,3477.5
abrupt_spike_base_burst_diurnal,SRPT,4,215858526,478.5810810810811,865.0,1.009194489745257,1.0296960160098623,0.18243243243243243,0.9667586206896551,5.370833333332948,39.990620689655174,0.5207132043260659,0.7866940202393135,0.011040896626895872,1.6094379124340998,3492.5
drift_base_bursty_diurnal,StaticPriority,4,2391876597,500.49342105263156,870.0,1.009052082793817,1.032600206454905,0.05263157894736842,0.9700540958268934,5.769374999999578,60.0564142194745,0.5207154015981724,0.7866926040405252,0.011787369539105946,1.6094379124340996,4497.5
abrupt_spike_base_burst_diurnal,DynamicHeuristic,4,3687835053,424.7260273972603,800.0,1.0110146528052284,1.0428614572849546,0.0273972602739726,0.963219113486325,4.697361111110819,51.55642879597611,0.5826431171457952,0.7465622663035353,0.01185885220020219,1.6094379124340996,3895.0
drift_base_bursty_diurnal,DynamicHeuristic,4,257409264,467.1830985915493,835.0,1.0098205690285917,1.0416865155682233,0.07042253521126761,0.9743171021377672,5.025416666666316,50.195961995249405,0.540029450242242,0.7742144429041268,0.011891875248365026,1.6094379124340998,3892.5
abrupt_spike_base_burst_diurnal,EDF,4,1632917731,460.72727272727275,878.9999999999999,1.0104589463108007,1.0292635103351744,0.030303030303030304,0.9697575444931649,5.760347222221795,57.353366004642766,0.5636965192649671,0.7588671160908443,0.011323506122098037,1.6094379124340998,4225.0
drift_base_bursty_diurnal,StaticEqual,4,1264820140,451.0546875,848.25,1.0110818208556713,1.0347515756781065,0.0546875,0.9563651591289782,4.379513888888627,46.23618090452261,0.5550935955573915,0.7644506593530899,0.011892620185694315,1.6094379124341,3547.5
abrupt_spike_base_burst_diurnal,DynamicHeuristic,4,4276109111,479.70588235294116,855.0,1.0110520245135584,1.0465461658705437,0.0661764705882353,0.9752265861027191,4.943055555555202,51.23716012084592,0.5264260556753527,0.7830090836757002,0.01175318089059872,1.6094379124341,4212.5
abrupt_spike_base_burst_diurnal,SRPT,4,2338298891,468.61290322580646,880.0,1.0101500625189546,1.034282671735803,0.12903225806451613,0.9697705802968961,5.504861111110707,40.38515519568151,0.5380428451906812,0.7755003295218962,0.011464081144220524,1.6094379124340996,3562.5
abrupt_spike_base_burst_diurnal,DynamicHeuristic,4,128343262,475.3968253968254,878.75,1.0101436002253392,1.0407497677683308,0.031746031746031744,0.9858616101131071,4.533472222221913,46.666666666666664,0.5222875921525929,0.7856790638238796,0.011799835337733966,1.6094379124340998,3822.5
abrupt_spike_base_burst_diurnal,SRPT,4,2639287607,478.4967320261438,862.0,1.0087595706944747,1.026923576764409,0.1437908496732026,0.970852318413294,5.5490972222218105,41.98284642187081,0.5145903412095546,0.7906368237852475,0.011130789600245812,1.6094379124340998,3655.0
abrupt_spike_base_burst_diurnal,DynamicHeuristic,4,506940138,452.06451612903226,871.4999999999999,1.009984713214383,1.0302037855316137,0.05161290322580645,0.9773624823695346,5.3045138888884855,59.47136812411848,0.5451238813443409,0.7709148944792771,0.011802199616015472,1.6094379124340996,4047.5
abrupt_spike_base_burst_diurnal,DynamicHeuristic,4,4064028246,456.60818713450294,860.0,1.0099775140564407,1.0316628755490305,0.023391812865497075,0.967246993987976,5.917291666666222,70.28682364729458,0.5233467640738036,0.7849960037056446,0.011777598072563808,1.6094379124341,4525.0
drift_base_bursty_diurnal,BanditEXP3,4,4255905157,484.9655172413793,842.9999999999998,1.0080283450628043,1.0243578647460643,0.04827586206896552,0.9620541885540503,5.335347222221822,49.02184130494885,0.4847006163463102,0.8097594230096224,0.07645014096802023,1.3953666739716089,3360.0
abrupt_spike_base_burst_diurnal,BanditEpsGreedy,4,1352040837,440.10714285714283,870.0,1.0102813062053837,1.0315330763867134,0.05,0.9696752626552053,4.666458333333025,41.62623368354027,0.5575505224821161,0.7628564666843924,0.020116046888480097,0.7429761053948579,3025.0
drift_base_bursty_diurnal,BanditEpsGreedy,4,3623217807,476.6793893129771,865.0,1.0081345233014258,1.0284390917994082,0.04580152671755725,0.9694069657985567,4.733611111110803,45.53780985252589,0.5294337298143699,0.7810668921245526,0.024062459968053247,0.7411833434727021,3480.0
abrupt_spike_base_burst_diurnal,BanditEpsGreedy,4,836789188,480.1119402985075,861.75,1.0096838016215415,1.0299111862891737,0.06716417910447761,0.9643289912147834,4.879652777777474,42.991517721902454,0.5146856800649635,0.7905754868355098,0.019865438069095024,0.7367720700147311,3795.0
drift_base_bursty_diurnal,BanditEXP3,4,2112120541,460.55970149253733,838.5,1.0090509484991177,1.0298688806731375,0.03731343283582089,0.971435391470401,4.675624999999703,41.81031190324634,0.5399888374004318,0.7742407353973454,0.07843088280944004,1.5064090905036,2940.0
abrupt_spike_base_burst_diurnal,BanditEpsGreedy,4,712903821,483.94736842105266,860.0,1.008122877070276,1.026056985016662,0.04678362573099415,0.9813084112149533,6.267083333332824,67.7953510663791,0.518090020513392,0.7883840942204893,0.019323422338388612,0.7044895133452608,4925.0
abrupt_spike_base_burst_diurnal,BanditEpsGreedy,4,1642862513,485.38216560509557,837.9999999999998,1.0099449509843306,1.0432372398711975,0.05732484076433121,0.9779564315352697,5.773055555555111,54.92375518672199,0.5155191708061507,0.7900391762840145,0.019209539727495038,0.7159309343220048,4332.5
abrupt_spike_base_burst_diurnal,BanditEpsGreedy,4,330779627,461.50887573964496,858.0,1.0097004524764028,1.032889006856499,0.04142011834319527,0.9694646896205077,5.910277777777312,53.51445086705202,0.5809606017733583,0.7476550430482144,0.01936894913538602,0.7114522136581622,3682.5
drift_base_bursty_diurnal,BanditEXP3,4,4098878096,477.06349206349205,875.0,1.00994081257175,1.0369559165020328,0.05555555555555555,0.9699934768427919,4.556388888888599,41.78506196999348,0.5447468628796285,0.7711591745742948,0.07794943368712419,1.3102533150803337,2777.5
drift_base_bursty_diurnal,BanditEXP3,4,81667037,471.17857142857144,855.7499999999998,1.009169575898297,1.0341337718457286,0.03571428571428571,0.9671754593953764,5.0009027777774495,43.20480142264375,0.5399992573201546,0.7742339896265893,0.07839952527991041,1.4563669637750036,3320.0
drift_diurnal_shifted_bursty,BanditEXP3,4,3453390602,458.97727272727275,842.25,1.0103099174075922,1.038717926545872,0.05303030303030303,0.9728084415584416,4.589236111110843,41.2512987012987,0.5345440240484624,0.7777638475447778,0.07896465726076571,1.4369263596856359,3057.5
drift_diurnal_shifted_bursty,BanditEXP3,4,2419163015,469.6,855.0,1.010455629424909,1.0343825063984706,0.08,0.9573854269699967,4.454236111110823,37.98516320474778,0.5478425582108569,0.7691529850282481,0.07942144339877322,1.012030659845994,0.0
drift_diurnal_shifted_bursty,BanditEXP3,4,2351085191,452.6223776223776,875.0,1.009958329556009,1.0400933827746504,0.04895104895104895,0.9588076692630317,4.908749999999644,48.220191731575795,0.5612913874271871,0.7604285041826733,0.07792299168795144,1.276135565038534,0.0
drift_diurnal_shifted_bursty,BanditEXP3,4,3412724011,484.78723404255317,880.0,1.0088035227288275,1.030529650018074,0.0851063829787234,0.9664285714285714,5.184027777777425,46.396,0.5333185784172552,0.778556252484897,0.07776140777111452,1.4526976410299202,0.0
drift_diurnal_shifted_bursty,BanditEXP3,4,2635566273,509.93506493506493,880.0,1.0091540868311186,1.033546198876255,0.05194805194805195,0.9808274470232089,5.950555555555082,48.79515640766902,0.4992152499585715,0.8005021608980794,0.07740846130916826,1.1153952933114968,0.0
drift_base_bursty_diurnal,BanditEXP3,4,1391940179,468.1111111111111,850.0,1.0099142886610997,1.0313625397567854,0.07407407407407407,0.970807453416149,4.788888888888575,40.2916149068323,0.5107796098832299,0.7930869403827967,0.0788627780465227,1.1899601664033748,2960.0
abrupt_spike_base_burst_diurnal,BanditEXP3,4,2463618745,469.49152542372883,845.75,1.0095163698835625,1.032390196003407,0.09322033898305085,0.9636075949367089,4.201249999999769,37.21026722925457,0.5184565510461382,0.788148022141645,0.07587008741542628,1.3403382236889212,2997.5
drift_base_bursty_diurnal,BanditLinUCB,4,2411306097,433.5123966942149,820.0,1.0115047989609205,1.0472705735703922,0.08264462809917356,0.9742577978203683,3.9702777777775466,35.92371288989102,0.5612139752301843,0.7604787550179082,0.13665606583112852,8.289306334778563e-08,2477.5
abrupt_spike_base_burst_diurnal,BanditEXP3,4,1828356953,479.963503649635,853.9999999999998,1.0086867114859674,1.028625496768597,0.0364963503649635,0.9628588339745486,4.988055555555216,49.00828647528855,0.48581673011579257,0.8090497749489476,0.07493124386796203,1.1193465844748183,3482.5
abrupt_spike_base_burst_diurnal,BanditEXP3,4,1619255408,455.1034482758621,840.9999999999997,1.0101807278302342,1.0339758386651283,0.041379310344827586,0.9680361910412341,5.000486111110753,53.04983684366657,0.5286855360557613,0.7815501665271086,0.07533897661812713,1.1794071134694537,3702.5
abrupt_spike_base_burst_diurnal,BanditEXP3,4,633365763,480.94594594594594,843.25,1.009929128348389,1.037987983338081,0.0472972972972973,0.9665203073545554,5.397777777777383,48.48765093304061,0.5172193875938198,0.7889447414546054,0.07375710914004747,1.0728795782151488,3880.0
drift_base_bursty_diurnal,BanditLinUCB,4,3897831343,443.5144927536232,825.0,1.0089435152534876,1.0282361998288483,0.050724637681159424,0.971660244059088,4.634930555555287,45.28548490687219,0.5449437721005053,0.7710315937291035,0.13565987302629665,8.289306334778563e-08,3035.0
drift_base_bursty_diurnal,BanditLinUCB,4,1544952092,481.36,874.0,1.0091376550809326,1.0305594255416406,0.04,0.9551652229708053,4.567986111110813,42.66025024061598,0.5260420898511091,0.7832569243451142,0.13374073570597927,8.289306334778563e-08,2975.0
drift_diurnal_shifted_bursty,BanditLinUCB,4,3426329439,442.62773722627736,845.0,1.0125971403338456,1.0519111291571588,0.072992700729927,0.9761478345815695,4.59006944444416,38.816672093780525,0.5826519894797774,0.7465565039149776,0.1361810615837716,8.289306334778562e-08,0.0
drift_diurnal_shifted_bursty,BanditLinUCB,4,3371907639,477.8787878787879,854.4999999999999,1.008734006506167,1.0318762584406733,0.045454545454545456,0.9635690027786353,4.784583333332989,41.6495832046928,0.5081802529614254,0.7947564073524185,0.134577805993477,8.289306334778562e-08,0.0
drift_diurnal_shifted_bursty,BanditLinUCB,4,1360379249,469.1007194244604,870.0,1.0099546820429692,1.0353207586918654,0.03597122302158273,0.9732951116475558,4.940138888888537,42.863005431502714,0.5513945024487101,0.7668500553094219,0.13390808688032238,8.289306334778563e-08,0.0
drift_base_bursty_diurnal,BanditLinUCB,4,3067259542,456.1224489795918,845.4999999999998,1.0090509588146845,1.0295067710002122,0.04081632653061224,0.9792528056704075,5.075486111110753,51.55818074424099,0.5288411112722196,0.7814496842165269,0.1342820167808372,8.28930633477856e-08,3290.0
abrupt_spike_base_burst_diurnal,BanditEXP3,4,717231744,479.85795454545456,861.25,1.008964289211287,1.0291825172688263,0.056818181818181816,0.9666319685403655,6.404236111110581,65.67453157529494,0.5417102165472657,0.7731261602039025,0.07315487868674772,1.1305458643926551,4812.5
drift_diurnal_shifted_bursty,BanditLinUCB,4,2353216621,486.797385620915,842.0,1.0096216967052276,1.04002444925652,0.026143790849673203,0.9776525198938992,5.642708333332941,52.206100795755965,0.5282546312952235,0.7818284580836,0.13413310818471735,8.289306334778562e-08,3777.5
drift_base_bursty_diurnal,BanditLinUCB,4,2051521707,477.1923076923077,852.75,1.008859639047206,1.028768387221376,0.038461538461538464,0.9651729559748428,4.704513888888588,41.351572327044025,0.5185493147738199,0.7880882715711807,0.13528671630902755,8.289306334778563e-08,2950.0
drift_diurnal_shifted_bursty,BanditLinUCB,4,2935915544,494.19871794871796,861.25,1.0094860309085623,1.0357114258899134,0.03205128205128205,0.9716704863763688,5.845069444443996,51.609880315762666,0.5007988919456786,0.799488627769901,0.1344589610101877,8.289306334778562e-08,3687.5
abrupt_spike_base_burst_diurnal,BanditLinUCB,4,348436104,462.2857142857143,880.0,1.009449928957075,1.0253521182408512,0.09285714285714286,0.9753199268738574,4.901666666666334,45.07038391224863,0.5491327778399605,0.7683165861410676,0.12985384643749953,8.289306334778562e-08,3190.0
abrupt_spike_base_burst_diurnal,BanditLinUCB,4,375085846,446.97278911564626,861.9999999999999,1.0111059601098418,1.0395862621922547,0.05442176870748299,0.9688338801073665,4.977499999999651,49.88786161646287,0.5705225191507347,0.7544345977616876,0.12948385467519496,8.289306334778562e-08,3340.0
abrupt_spike_base_burst_diurnal,BanditLinUCB,4,37138562,461.5068493150685,850.0,1.0096070353207856,1.0243011178607047,0.0410958904109589,0.9712911687554648,5.104999999999673,51.66977557563393,0.5200964794799712,0.7870914806072125,0.1280890350251482,8.289306334778563e-08,3612.5
abrupt_spike_base_burst_diurnal,BanditLinUCB,4,2372451066,451.2913907284768,857.5,1.0108033509453351,1.0442647443624036,0.059602649006622516,0.9780841799709724,5.15833333333295,50.209288824383165,0.5546982663380338,0.7647071343619023,0.13041545978932492,8.289306334778562e-08,3645.0
abrupt_spike_base_burst_diurnal,BanditLinUCB,4,1718840429,480.87412587412587,840.0,1.010352465346296,1.0421203707174593,0.04895104895104895,0.972420691626179,5.2116666666663285,48.315518719634184,0.5004273821543221,0.79972645208414,0.1287480004257359,8.289306334778563e-08,3545.0
